book_title,book_author,book_translator,book_pub_date,book_isbn
러닝 리액트,"알렉스 뱅크스 , 이브 포셀로 ",오현석 ,2018-02-13,9791162240373
저는 차트분석이 처음인데요 최신개정판,강병욱 ,2018-01-22,344 쪽,3190
HOW TO WALK,틱낫한 ,진우기 ,2018-01-29,9791157842285
HOW TO RELAX,틱낫한 ,진우기 ,2018-01-29,9791157842261
HOW TO 시리즈(세트),틱낫한 ,진우기 ,2018-01-29,9791157842230
HOW TO EAT,틱낫한 ,진우기 ,2018-01-29,9791157842247
HOW TO LOVE,틱낫한 ,진우기 ,2018-01-29,9791157842254
러닝 HTTP/2,"스티븐 루딘 , 하비에르 가르사 ",강재준 ,2018-01-22,9791162240434
"IT CookBook, 소프트웨어 세상을 여는 컴퓨터 과학",김종훈 ,2018-01-26,376 쪽,4381
처음 배우는 딥러닝 수학,"와쿠이 요시유키 , 와쿠이 사다미 ",2018-02-01,268 쪽,10044
함수형 자바스크립트,루이스 아텐시오 ,이일웅 ,2018-02-01,9791162240427
HOW TO SIT,틱낫한 ,진우기 ,2018-01-29,9791157842278
생각하며 배우는 대학물리학,이기영 ,2018-02-02,632 쪽,4378
나도 손글씨 잘 쓰면 소원이 없겠네 [핸디 워크북],이호정(하오팅캘리) ,2018-02-01,160 쪽,20000
신프로의 쉽고 빠른 파워포인트 디자인,신프로(신강식) ,2018-02-05,290 쪽,10045
처음 시작하는 리액트 : UI를 위한 자바스크립트 라이브러리 ReactJS,"톰 핼럿 , 리차드 펠드만 , 시몬 회벡 , 칼 미켈슨 , 존 비비 , 프랑키 반야르디 ","김훈민 , 곽현철 ",2016-07-25,9788968487750
돌아온 여행자에게,란바이퉈 ,이현아 ,2018-02-05,9791157842322
맛있는 디자인 포토샵 CC 2018,"윤이사라(포완카) , 박효근 ",2018-02-05,512 쪽,10046
저는 차트분석이 처음인데요!,강병욱 ,2012-08-28,340 쪽,3049
쉽고 빠르게 합격하는 COS 2급,이연란 ,2018-02-12,324 쪽,4369
저는 기업분석이 처음인데요 (완전 개정판),강병욱 ,2016-09-28,424 쪽,3150
밑바닥부터 시작하는 딥러닝,사이토 고키 ,개앞맵시(이복연) ,2017-01-03,9788968484636
저는 주식투자가 처음인데요! 2탄,강병욱 ,2014-09-12,416 쪽,3099
딥러닝 첫걸음,김성필 ,2016-12-30,196 쪽,2732
"IT CookBook, Android Studio를 활용한 안드로이드 프로그래밍(개정3판)","우재남 , 박길식 ",2018-02-06,572 쪽,4383
러닝 자바스크립트,이선 브라운 ,한선용 ,2017-07-01,9788968483387
Node.js 6.x 블루프린트,페르난두 몬테이루 ,"맹기완 , 임보은 ",2017-07-03,9788968487576
"IT CookBook, 컴퓨터 사이언스(개정판) : 새내기를 위한 최신 컴퓨터 개론","이동명 , 권오현 , 고정국 ",2015-12-28,492 쪽,4242
신경망 첫걸음,타리크 라시드 ,송교석 ,2017-04-03,9788968483509
"(10대를 위한 프로그래밍 노트, 수프) 앱 인벤터: 나만의 앱 만들기! 구글과 MIT 기술로 배우는 컴퓨팅 사고력",김종훈 ,2016-01-14,260 쪽,2234
함수형 반응형 프로그래밍,"스티븐 블랙히스 , 앤서니 존스 ",오현석 ,2017-08-01,9788968488665
함수형 사고,닐 포드 ,김재완 ,2016-06-23,9788968482960
대학생을 위한 스크래치 프로그래밍 : 누구나 할 수 있는 가장 쉬운 프로그래밍 입문서,김종훈 ,2016-01-26,232 쪽,2255
스크래치를 활용한 문제해결능력 향상,김종훈 ,2016-02-19,124 쪽,2262
저는 주식투자가 처음인데요 완전개정판,강병욱 ,2015-07-02,424 쪽,3117
맛있는 디자인 포토샵&일러스트레이터 CC 2017,"박정아 , 박효근 , 윤이사라(포완카) ",2017-11-06,568 쪽,10024
파이썬 라이브러리를 활용한 데이터 분석(수정보완판),웨스 맥키니(Wes Mckinney) ,김영근 ,2013-10-26,9788968480478
창의적인 문제 해결 능력을 키워주는 IT 퍼즐,"김종훈 , 김병수 , 김태훈 , 양영훈 , 오정철 , 현동림 ",2017-08-01,332 쪽,2863
맛있는 디자인 포토샵 CC,"윤이사라(포완카) , 박효근 ",2015-07-28,528 쪽,2208
"SWedu, 컴퓨팅 사고력을 키우는 SW 교육 : 파이썬",우재남 ,2016-07-20,444 쪽,4270
만약 헤밍웨이가 자바스크립트로 코딩한다면,앵거스 크롤 ,김나솔 ,2016-11-04,9788968484742
"IT CookBook, 컴퓨터 개론 : 쉽게 배우는 컴퓨터 기본 원리","김종훈 , 김종진 ",2013-03-12,424 쪽,4005
브루스 테이트의 세븐 랭귀지 : 프로그래머라면 알아야 할 미래를 품은 7가지 언어,브루스 테이트 ,임백준 ,2015-04-27,9788968481857
"(10대를 위한 프로그래밍 노트, 수프) 코딩 클럽 LV1. 모두를 위한 파이썬 기초",크리스 로피 ,유형목 ,2015-08-26,9788968482168
모던 웹을 위한 JavaScript + jQuery 입문(3판),윤인성 ,2017-05-01,960 쪽,2355
텐서플로 첫걸음,조르디 토레스 ,박해선 ,2016-08-29,9788968484902
폴리글랏 프로그래밍 : 새로운 자바 언어를 기다리는 히치하이커를 위한 안내서,임백준 ,2014-03-18,256 쪽,2086
회사에서 바로 통하는 엑셀+파워포인트+워드 2016&한글 NEO&윈도우 10,"전미진 , 이화진 , 신면철 , 박광수 ",2018-02-05,844 쪽,10026
모던 웹을 위한 Node.js 프로그래밍 3판,윤인성 ,2016-07-01,544 쪽,2294
풀스택 개발자를 위한 MEAN 스택 입문,"애덤 브레츠 , 콜린 J. 이릭 ",박재호 ,2015-08-27,9788968482182
코드의 재사용과 높은 수준의 테스팅을 원한다면 : 함수형 길들이기,조슈아 백필드 ,이일웅 ,2015-03-26,9788968487439
Head First Data Analysis : 당신을 최고의 데이터 분석가로 이끌어줄 마법 같은 학습서,마이클 밀튼 ,김경태 ,2013-04-11,9788968480119
R로 배우는 데이터 분석 기본기 데이터 시각화 : 예제와 함수 중심으로 배우는 빅데이터 분석,후나오 노부오 ,김성재 ,2014-01-02,9788968480645
맛있는 디자인 일러스트레이터 CC,빨간고래(박정아) ,2014-10-16,600 쪽,2128
대학생을 위한 파이썬 프로그래밍 : 누구나 할 수 있는 가장 쉬운 프로그래밍 입문서,크리스 로피 ,"이지호 , 유형목 ",2016-01-26,9788968482540
비즈니스 활용 사례로 배우는 데이터 분석:R,"사카마키 류지 , 사토 요헤이 ",손정도 ,2015-10-28,9788968482113
"IT CookBook, 프로그래밍 언어론 : 쉽게 배우는 언어의 원리와 구조","김종훈 , 김종진 ",2013-07-02,384 쪽,4043
"SWedu, 컴퓨팅 사고력을 키우는 SW 교육 : 엔트리 & 햄스터","황준 , 박광현 , 이웅재 , 최은정 , 고혜영 , 이재호 , 손예진 , 조민주 ",2016-09-05,252 쪽,4274
"(10대를 위한 프로그래밍 노트, 수프) 코딩 클럽 LV4. 파이썬 프로그래밍 아트",크리스 로피 ,유형목 ,2016-09-28,9788968484797
임백준의 아카 시작하기 : Akka 개념 잡기,임백준 ,2015-10-29,130 쪽,
초보자를 위한 Linux & Unix C 프로그래밍,"김종훈 , 김종진 , 김동균 ",2003-08-19,840 쪽,1245
맛있는 디자인 애프터 이펙트 CS6 & CC,이수정 ,2014-11-21,408 쪽,2142
"모던 웹 디자인을 위한 HTML5+CSS3 입문, 개정판",윤인성 ,2015-01-19,624 쪽,2161
회사에서 바로 통하는 엑셀 파워포인트 워드 2016 한글 NEO + 원노트,"전미진 , 이화진 , 신면철 ",2016-10-21,760 쪽,2488
"모던 웹을 위한 JavaScript + jQuery 입문(개정판) : 자바스크립트에서 제이쿼리, 제이쿼리 모바일까지 한 권으로 끝낸다",윤인성 ,2013-09-03,980 쪽,2042
엔지니어를 위한 데이터 시각화 :  D3.js로 배우는 데이터 시각화 이론과 12가지 사례,"모리후지 다이치 , 안티베이지안 ",김성재 ,2015-04-27,9788968481918
비즈니스를 위한 데이터 과학 : 빅데이터를 바라보는 데이터 마이닝과 분석적 사고,"포스터 프로보스트 , 톰 포셋 ",강권학 ,2014-06-24,9788968481093
클라이언트-서버 웹 앱 만들기: 자바와 자바스크립트로 배우는 모던 웹 앱 개발,캐지미어 새터노스 ,김은정 ,2014-10-17,9788968481345
임백준의 대살개문,임백준 ,2016-04-28,304 쪽,2274
데이터 분석을 통한 네트워크 보안 : IoT 시대에 맞는 상황 인식형 보안 구축하기,마이클 콜린스 ,문성건 ,2016-03-28,9788968482588
맛있는 디자인 드림위버 CC,"임화연 , 이해령 ",2015-07-28,424 쪽,2212
"IT CookBook, 컴파일러의 이해 : 내공 있는 프로그래머로 길러주는",박두순 ,2016-01-02,508 쪽,4241
뇌를 자극하는 파이썬 3,박상현 ,2016-02-05,500 쪽,2235
우분투 환경에서 C 언어로 배우는 리눅스 프로그래밍,이이오 준 ,김성재 ,2012-09-24,9788979149531
"팟캐스트 나는 프로그래머다: 뉴욕, 서울, 도쿄 개발자의 촌철살인 IT 이야기","임백준 , 정도현 , 김호광 ",2015-10-19,404 쪽,2228
데이터 시각화를 위한 데이터 인사이트 : 빅데이터를 바라보는 통찰의 눈,헌터 휘트니 ,한선용 ,2014-04-18,9788968480942
회사에서 바로 통하는 엑셀 실무 데이터 분석,최준선 ,2012-11-20,520 쪽,1980
모션 그래픽 디자인 강의 + 애프터 이펙트,이수정 ,2016-09-21,368 쪽,2489
After Effects Professional Training book: 모션 그래픽 실무 예제집,이수정 ,2008-09-19,324 쪽,1596
Head First HTML5 Programming: 웹 표준으로 만드는 생동감 있는 웹 애플리케이션,"에릭 프리먼 , 엘리자베스 롭슨 ",홍형경 ,2012-07-28,9788979149326
"유닉스 리눅스 프로그래밍 필수 유틸리티(개정판) : vim make, gcc, gdb, svn, binutils, autoconf, autotools",백창우 ,2010-08-01,796 쪽,1759
엔트리 : 창의력과 문제해결능력 향상을 위한 첫걸음,"최현종 , 이상열 , 박지현 , 이현아 ",2016-03-17,256 쪽,2264
"프로그래밍 면접, 이렇게 준비한다(3판)","존 몽건 , 에릭 기게리 , 노아 수요야넨 킨들러 ",서환수 ,2014-02-28,9788968480843
"IT CookBook, 리눅스 프로그래밍 기초 : 시스템 호출, 라이브러리 함수별 실습","최태영 , 황준하 , 고재필 , 윤현주 , 김용호 ",2015-08-17,372 쪽,4196
Head First JavaScript : 대화형 웹 애플리케이션의 시작,마이클 모리슨 ,홍형경 ,2008-07-01,9788979145823
컴파일러 구조와 원리,아오키 미네로우 ,이영희 ,2010-09-06,9788979147681
처음 시작하는 파이썬: 파이썬 패키지를 활용한 모던 컴퓨팅 입문,빌 루바노빅 ,최길우 ,2015-12-04,9788968482397
유닉스 리눅스 셸 스크립트 예제 사전,오스미 유스케 ,서수환 ,2015-08-27,9788968482137
실전 쇼핑몰 포토샵 북 : 상품 사진 보정부터 상세 페이지 제작까지 쇼핑몰 디자인의 모든 것,임화연 ,2014-05-22,504 쪽,2099
회사에서 바로 통하는 엑셀 2013,한은숙 ,2014-07-09,544 쪽,2107
뇌를 자극하는 알고리즘,박상현 ,2009-09-04,604 쪽,1687
누워서 읽는 알고리즘: 프로그래밍 상상력을 키워주는 알고리즘 이야기,임백준 ,2015-10-16,280 쪽,2227
10년차 디자이너에게 1:1로 배우는 일러스트레이터 디자인 강의,장보경(앤하우스) ,2014-01-08,452 쪽,2076
맛있는 디자인 포토샵 CS6,"임화연 , 이세련 , 이해령 ",2013-02-28,448 쪽,2001
엑셀 매크로&VBA 바이블: 회사에서 필요한 코드는 모두 있다!,최준선 ,2012-06-28,1044 쪽,1935
"모던 웹을 요리하는 초간편 HTML5 Cookbook : 자바스크립트 API, 로컬 저장소, 접근성, 지오로케이션","크리스토퍼 슈미트 , 카일 심슨 ",한선용 ,2012-08-17,9788979149401
뇌를 자극하는 C# 5.0 프로그래밍,박상현 ,2014-08-19,736 쪽,2116
정보교과교육론(증보판) : 소프트웨어 교육을 위한 필수 지침서,"이태욱 , 최현종 ",2016-03-03,404 쪽,4251
10년차 디자이너에게 1:1로 배우는 편집 디자인 강의+인디자인,황지완 ,2014-04-28,404 쪽,2093
좋은 코딩 나쁜 코딩 : 단순한 코드가 좋은 코드다 (2판),박진수 ,2013-10-10,328 쪽,2056
만들면서 배우는 인터프리터: 컴파일러 이론으로 만드는 나만의 스크립트 언어,하야시 하루히코 ,김성재 ,2012-10-12,9788979149043
코딩의 기술 : C와 C++ 게임 코드로 알아보는,오즈 모리하루 ,윤인성 ,2016-03-28,9788968482694
회사에서 바로 통하는 엑셀 2013 & 한글 2014,"전미진 , 신면철 ",2015-06-28,496 쪽,2207
"자바 프로그래밍 면접, 이렇게 준비한다",노엘 마크엄 ,정원천 ,2015-01-23,9788968481529
"Blog2Book, 아는 만큼 보이는 데이터베이스 설계와 구축",이춘식 ,2008-07-04,280 쪽,1557
"IT CookBook, enjoy design 일러스트레이터 CS6","김경진 , 김부치 ",2014-01-03,506 쪽,4072
유닉스 리눅스 명령어 사전(개정판),"우종경 , 박종오 ",2010-11-25,852 쪽,1793
일러스트레이터 트레이닝 북: Illustrator Training Book,박혜진 삐딱대가리 ,2009-01-28,296 쪽,1624
HTML5 Canvas : 웹의 한계를 캔버스로 뛰어 넘는다,"스티브 펄튼 , 제프 펄튼 ","이수진 , 이성희 ",2012-01-09,9788979148985
HTML5+CSS3 정복 : 실습 위주의 친절한 HTML5 자습서,김상형 ,2014-09-28,700 쪽,2127
"JavaScript+jQuery 정복 : 보고, 이해하고, 바로 쓰는 자바스크립트 공략집",김상형 ,2014-10-17,800 쪽,2132
불황을 이기는 색다른 쇼핑몰 COLOR & LAYOUT,"김정인 , 박혜진 , 라임기획 ",2009-01-28,376 쪽,1605
전문가를 위한 C++ : C++ 11을 대하는 유쾌한 방법(개정판 2권),"마크 그레고리 , 니콜라스 솔터 , 스캇 클레퍼 ",권오인 ,2013-10-17,9788968480393
이것이 C++이다,최호성 ,2016-01-19,524 쪽,2246
"IT CookBook, Play 포토샵",원다예 ,2015-04-27,410 쪽,4180
스마트러닝 콘텐츠 만들기,"배영권 , 도재춘 , 김달진 , 신승기 ",2013-04-26,260 쪽,4011
회사에서 바로 통하는 한글 2014,신면철 ,2015-02-27,380 쪽,2173
더글라스 크락포드의 자바스크립트 핵심 가이드,더글라스 크락포드(Douglas Crockford) ,김명신 ,2008-09-26,9788979145984
맛있는 디자인 인디자인 CS6,황지완 ,2012-11-28,396 쪽,1981
회사에서 바로 통하는 일러스트레이터 CS5,박혜진(삐딱대가리) ,2011-04-28,548 쪽,1824
Thinking About : PPL을 이용한 VC++ 병렬 프로그래밍(2판),김경진 ,2014-03-17,196 쪽,
만들면서 배우는 HTML5+CSS3+jQuery,야무(지훈) ,2012-03-12,416 쪽,1910
맛있는 디자인 일러스트레이터 CS6,우보명 ,2012-12-12,396 쪽,1989
전문가를 위한 C++ : C++ 11을 대하는 유쾌한 방법(개정판 1권),"마크 그레고리 , 니콜라스 솔터 , 스캇 클레퍼 ",권오인 ,2013-10-17,9788968480386
"IT CookBook, C 언어 트레이닝",김상형 ,2017-12-04,524 쪽,4360
Head First SQL : 효율적인 DB 관리를 위한 SQL 학습법,린 베일리 ,박종걸 ,2008-05-28,9788979145601
뽀얀의 감성 일러스트레이션 : 포토샵과 일러스트레이터를 이용한 손 느낌 나는 일러스트 기법,뽀얀(김은혜) ,2012-10-28,464 쪽,1966
스콧 켈비의 사진가를 위한 포토샵 CS6,스콧 켈비(Scott Kelby) ,홍성희 ,2013-07-09,9788968480324
전문가를 위한 C++(개정3판),마크 그레고리 ,권오인 ,2016-11-04,9788968484858
웹 표준 가이드: HTML5 + CSS3,존 앨섭(John Allsopp) ,"김지원 , 홍승표 ",2010-11-25,9788979147940
회사에서 바로 통하는 엑셀+파워포인트+워드 2013 & 한글 2014,"전미진 , 이화진 , 신면철 ",2015-05-19,688 쪽,2194
회사에서 바로 통하는 엑셀+파워포인트+워드 2013 & 한글 2014 & 윈도우 10,"전미진 , 이화진 , 신면철 , 박광수(아크몬드) ",2016-03-28,728 쪽,2273
"안드로이드 프로그래밍 정복 4판, 1권",김상형 ,2016-01-22,1056 쪽,2252
회사에서 바로 통하는 엑셀+파워포인트 2013&한글 2014,"전미진 , 이화진 , 신면철 ",2015-04-28,584 쪽,2193
회사에서 바로 통하는 포토샵 CS4,원다예 ,2009-04-09,416 쪽,1666
SQL 레벨업 : DB 성능 최적화를 위한 SQL 실전 가이드,미크 ,윤인성 ,2016-01-22,9788968482519
뇌를 자극하는 C++ 프로그래밍,이현창 ,2006-07-06,932 쪽,1419
만들면서 배우는 모던 웹사이트 제작,야무(지훈) ,2015-04-20,460 쪽,2187
"Blog2Book, 프로그래머가 몰랐던 멀티코어 CPU 이야기",김민장 ,2010-05-20,396 쪽,1740
SQL 첫걸음: 하루 30분 36강으로 배우는 완전 초보의 SQL 따라잡기,아사이 아츠시 ,박준용 ,2015-10-26,9788968482311
만들면서 배우는 모던 웹사이트 디자인,야무(지훈) ,2014-03-17,392 쪽,2090
뽀얀의 일러스트 하우스 by 포토샵,김은혜 ,2007-12-11,508 쪽,1520
좋은 사진을 만드는 김주원의 포토샵 사진 강의,김주원 ,2012-05-14,520 쪽,1926
뇌를 자극하는 C++ STL,공동환 ,2012-04-26,576 쪽,1913
IT EXPERT 윈도우 시스템 프로그램을 구현하는 기술,이호동 ,2015-03-28,1220 쪽,2178
"안드로이드 프로그래밍 정복 4판, 2권",김상형 ,2016-01-22,964 쪽,2253
모던 웹을 위한 HTML5 웹소켓 프로그래밍,"바네사 왕 , 프랭크 살림 , 피터 모스코비츠 ",김지원 ,2013-07-24,9788968480317
뇌를 자극하는 윈도우즈 시스템 프로그래밍,윤성우 ,2007-03-28,760 쪽,1461
뽀얀의 포토샵 일러스트 하우스 II 미술사 거장을 만나다,뽀얀(김은혜) ,2010-04-23,448 쪽,1736
포토샵 CS 디자인 스쿨(증보판),이문형 ,2008-02-25,612 쪽,1504
Head First PHP & MySQL: 효과적이고 생동감 넘치는 웹 애플리케이션 만들기,"린 베일리 , 마이클 모리슨 공저 ",홍승표 ,2010-05-07,9788979147391
아이벤의 블링블링 포토샵,"김현태 , 아이벤 포토샵 카페 ",2009-09-28,584 쪽,1692
호기심디테일의 포토샵 CS5,귀동걸(박귀염) ,2012-01-05,464 쪽,1889
"IT CookBook for Beginner, C++ 기초","신호철 , 조인현 ",2013-08-13,448 쪽,4047
스콧 켈비의 라이트룸 CC 킬러 팁 북,스콧 켈비(Scott Kelby) ,문보라 ,2016-05-31,9788968482854
회사에서 바로 통하는 파워포인트 2013,전상오 ,2014-11-25,440 쪽,2141
마담의크스와 함께 하는 손글씨&동꼬 by 포토샵,"마담의크스 카페 , 네모기획 ",2006-07-12,576 쪽,1426
좋은 사진을 만드는 김주원의 풍경사진,김주원 ,2015-03-28,448 쪽,2183
데이터베이스 첫걸음,"미크 , 기무라 메이지 ",박주항 ,2016-10-10,9788968487316
좋은 사진을 만드는 김주원의 DSLR 사진 입문  : 누구에게도 묻지 못했던 사진에 관한 87가지 질문,김주원 ,2013-06-11,324 쪽,2023
훌륭한 프로그래머 되는 법 : 프로젝트와 팀을 성공으로 이끄는 선배 개발자의 노하우,피트 구들리프 ,"최원재 , 강전희 , 안재덕 , 남윤화 ",2015-12-04,9788968482304
"나에게, 포토샵: 생활 디자이너 7명이 들려주는 일상, 작업, 포토샵 이야기","김효정 , 김진숙 , 이지남 , 조영주 , 신동욱 , 최재연 , 조선진 ",2013-03-25,296 쪽,2009
리버스 엔지니어링 1권(파일 구조 편),이호동 ,2016-09-28,848 쪽,2487
읽기 좋은 자바스크립트 코딩 기법: 유지보수가 쉬운 코드로 팀의 생산성을 높이자,니콜라스 자카스 ,김광호 ,2013-01-26,9788979149883
좋은 사진을 만드는 김주원의 미러리스 & DSLR 사진강의,김주원 ,2015-11-12,540 쪽,2226
"IT CookBook, enjoy design 포토샵 CS6",이영주 ,2013-07-28,522 쪽,4035
뇌를 자극하는 PHP 프로그래밍,조명진 ,2009-07-21,688 쪽,1658
리버스 엔지니어링 2권(디버거 편),이호동 ,2017-03-01,1396 쪽,2481
The Art of Computer Programming 1: 기초 알고리즘(개정 3판),도널드 커누스(Donald E. Knuth) ,류광 ,2006-09-28,9788979144307
"IT CookBook, C C++ 프로그래밍 : 프로그래밍 기초와 객체지향",김동근 ,2013-03-12,720 쪽,4008
The Art of Computer Programming 3: 정렬과 검색(개정 2판),도널드 커누스(Donald E. Knuth)) ,류광 ,2008-01-01,9788979145496
포토샵 디자인 스타일북 : 6 TYPES 20 STYLES,김혜경 ,2013-05-28,400 쪽,2021
"IT CookBook, C++ 하이킹 : 객체지향과 만나는 여행","성윤정 , 김태은 ",2013-06-19,676 쪽,4021
프로그래머로 사는 법: 프로그래머의 길을 걸어가는 당신을 위한 안내서,샘 라이트스톤 ,서환수 ,2012-10-17,9788979149623
나는 프로그래머다,임백준외 6명 ,2004-03-16,376 쪽,1274
내 일상을 꾸며주는 포토샵 CS6&CC,우보명(야우) ,2013-12-26,288 쪽,2074
이것이 편집디자인이다: 편집디자이너가 알아야 할 모든 것,김덕희(CDM The Big) ,2012-06-18,416 쪽,1934
이것이 MySQL이다,우재남 ,2016-06-10,596 쪽,2279
"IT CookBook, PHP 프로그래밍 for Beginner","박대혁 , 강의선 ",2009-07-08,360 쪽,1631
더 나은 프로그래밍을 위한 코드골프 : 즐기면서 배우는 자바스크립트 코드 퍼즐과 알고리즘,야나이 마사카즈 ,"손정도 , 김정현 ",2015-01-28,9788968481673
프로그래머의 리더십,정영훈 ,2015-01-05,232 쪽,2151
"IT CookBook, PHP 프로그래밍 입문(개정판)",황재호 ,2013-05-28,600 쪽,4020
"IT CookBook, 포토샵 CC 2017",이영주 ,2017-11-27,534 쪽,4362
"Modern PHP: 네임스페이스, 트레이트, 클로저부터 모범 사례와 최신 도구까지",조시 록하트 ,정병열 ,2015-10-15,9788968482250
읽기 좋은 코드가 좋은 코드다: 더 나은 코드를 작성하는 간단하고 실전적인 테크닉,"더스틴 보즈웰 , 트레버 파우커 ",임백준 ,2012-04-26,9788979149142
리팩토링: 코드 품질을 개선하는 객체지향 사고법,마틴 파울러 ,김지원 ,2012-11-01,9788979149715
"IT CookBook, C++ 프로그래밍 기초 : 객체지향의 시작","성윤정 , 김태은 ",2014-03-12,652 쪽,4104
이것이 SQL Server다,우재남 ,2016-06-28,720 쪽,2292
The Art of Computer Programming 2: 준수치적 알고리즘(개정 3판),도널드 커누스(Donald E. Knuth) ,류광 ,2007-09-14,9788979144840
The Art of Computer Programming 4A 컴퓨터 프로그래밍의 예술: 조합적 알고리즘 1부,도널드 커누스(Donald E. Knuth) ,류광 ,2013-08-19,9788968480287
"IT CookBook, UI/UX 디자인 이론과 실습",이영주 ,2015-09-23,506 쪽,4202
디자인 문구 실무 제작&디자인(7년차 디자이너 야우가 알려주는),우보명(야우) ,2011-07-14,360 쪽,1806
"MySQL Troubleshooting : 쿼리 문제, 원인을 알면 해결은 쉽다",스베타 스머노바(Sveta Smirnova) ,강권학 ,2013-02-07,9788979149999
엑셀 2013 바이블 : 회사에서 필요한 기능은 모두 있다,최준선 ,2013-06-25,1080 쪽,2027
Windows 시스템 실행파일의 구조와 원리,이호동 ,2005-05-25,576 쪽,1332
"Introduction To Algorithms, Third Edition","토머스 코멘 , 찰스 레이서손 , 로날드 리베스트 , 클리포드 스타인 ","문병로 , 심규석 , 이충세 ",2014-07-10,9791156641131
TopCoder 탑코더 알고리즘 트레이닝,타카하시 나오히로 ,윤인성 ,2013-10-28,9788968480553
Effective Unit Testing : 클린 코드와 좋은 설계를 이끄는 단위 테스트,라쎄 코스켈라 ,이복연 ,2013-11-11,9788968480621
프로그래밍은 상상이다,임백준 ,2008-09-01,380 쪽,1594
Programming Challenges: 알고리즘 트레이닝 북,"스티븐 스키에나 , 미구엘 레비야 ",서환수 ,2004-07-14,8979142889
드림팀의 악몽: 산으로 가는 팀 프로젝트를 바로잡는 애자일 코칭법,포샤 텅 ,김광호 ,2014-05-16,9788968480973
"IT CookBook, SQL Server로 배우는 데이터베이스 개론과 실습","박우창 , 남송휘 ",2013-07-01,576 쪽,4024
"IT CookBook, 엑셀 2013 : 기본 기능부터 실무 활용까지",하숙정 ,2015-02-16,520 쪽,4150
멀티 디바이스 UX 디자인 : 사물인터넷 생태계 경험을 지배하는 3가지 핵심 원리,미할 레빈 ,이미령 ,2014-11-12,9788968481307
"Blog2Book, 프로젝트 관리자PM를 위한 프로젝트 관리 이야기",신진현 ,2015-02-27,204 쪽,2104
"뇌를 자극하는 SQL Server 2012 (1권, 기본편)",우재남 ,2013-02-13,668 쪽,1992
"잰양, 티백, 앤하우스의 디자인문구 다락방","류재은 , 김신애 , 장보경 ",2010-08-26,240 쪽,1764
회사에서 바로 통하는 엑셀 2010,한은숙 ,2011-03-23,548 쪽,1786
PHP 보안: 몇 줄의 코드로 안전하게,크리스 쉬플릿 ,한동훈 ,2006-03-07,8979143877
오래가는 UX 디자인: 모바일 시대의 제품 디자인 기본 원칙,반준철 ,2013-01-24,468 쪽,1998
"IT CookBook, HTML & CSS for Beginner",황재호 ,2016-11-10,472 쪽,4279
"뇌를 자극하는 SQL Server 2012 (2권, 관리/응용편)",우재남 ,2014-04-28,896 쪽,2078
"IT CookBook, 엑셀과 파워포인트 2007 실무와 활용","한은숙 , 고경희 ",2013-03-12,640 쪽,4009
"Blog2Book, 자바 개발자도 쉽고 즐겁게 배우는 테스팅 이야기",이상민 ,2009-12-09,404 쪽,1712
누워서 읽는 퍼즐북 : 뉴욕의 프로그래머 임백준의 퍼즐이야기,임백준 ,2010-01-15,308 쪽,1719
사전처럼 바로 찾아 쓰는 알고리즘,"조지 T. 하인만 , 게리 폴리케 , 스탠리 셀코 ",전경원 ,2010-03-08,9788979147292
"IT CookBook, 데이터베이스 관리와 실습(개정판) : MS SQL Server 2008",손광수 ,2013-07-02,584 쪽,4046
"IT CookBook, 데이터베이스 개론",김연희 ,2013-07-03,524 쪽,4025
린 스타트업 실전 UX: 더 빠르고 스마트하게 일하는 린 UX 실행 전략,로라 클라인 ,"김수영 , 박기석 ",2014-09-28,9788968481086
"IT CookBook, 쉽게 배우는 알고리즘 : 관계 중심의 사고법",문병로 ,2013-07-02,460 쪽,4040
린 UX : 린과 애자일 그리고 진화하는 사용자 경험,"제프 고델프 , 조시 세이던 ",김수영 ,2013-10-25,9788968480485
모던 웹을 위한 실시간 사용자 경험(UX) 프로그래밍: 웹사이트에 인터랙티브를 더하는 마술,테드 로덴 ,백기선 ,2012-05-04,9788979149159
"Blog2Book, 프로젝트 성패를 결정짓는 데이터 모델링 이야기",김상래 ,2015-09-17,248 쪽,2221
"Head First PMP : 체계적인 프로젝트 관리를 위한 국제 공인 학습법 (개정3판, PMBOK® 지침서 5판 시험대비용)","제니퍼 그린 , 앤드류 스텔만 ","한동환 , 김기평 ",2014-09-12,9788968481154
디자인 굿즈 만들기 with 포토샵&일러스트레이터,김신애 ,2016-11-01,392 쪽,2476
"IT CookBook, 컴퓨터 실습 : 윈도우 XP, 한글 2007, 엑셀 2007, 파워포인트 2007","김주영 , 정영준 ",2013-03-20,572 쪽,4018
자바 퍼즐러 : 세상에서 가장 재미있는 자바 책,"조슈아 블로크 , 닐 개프터 ",윤인성 ,2014-12-27,9788968481444
"Blog2Book, 자바 개발자와 시스템 운영자를 위한 트러블 슈팅 이야기",이상민 ,2011-06-03,416 쪽,1830
"IT CookBook, 데이터베이스 기초와 실습 : 액세스 2013",김지연 ,2015-12-28,504 쪽,4240
"IT CookBook, 엑셀 2013 for Beginner",양숙희 ,2014-11-28,152 쪽,4140
"IT CookBook, 파워포인트 2010 실무와 활용",고경희 ,2014-02-24,448 쪽,4094
"IT CookBook, 오라클로 배우는 데이터베이스 개론과 실습","박우창 , 남송휘 , 이현룡 ",2014-06-19,584 쪽,4118
회사에서 바로 통하는 엑셀&파워포인트 2007,"한은숙 , 고경희 ",2008-06-11,508 쪽,1488
린 고객 개발 : 고객의 지갑을 여는 제품 만들기,신디 앨버레즈 ,"박주훈 , 이광호 ",2015-04-27,9788968481864
회사에서 바로 통하는 파워포인트 2010,"이상훈 , 김연희 ",2011-05-03,464 쪽,1801
사물 인터넷 · 웨어러블 Ver 0.9: 새로운 IT 플랫폼을 완성하는 서비스 기획 · UX 가이드,송태민 ,2015-03-28,264 쪽,2163
"IT CookBook, 파워포인트 2007 실무와 활용",고경희 ,2014-02-17,420 쪽,4090
린 분석 : 성공을 예측하는 31가지 사례와 13가지 패턴,"앨리스테어 크롤 , 벤저민 요스코비츠 ",위선주 ,2014-01-02,9788968480690
린 스타트업: 실리콘밸리를 뒤흔든 IT 창업 가이드,애시 모리아 ,위선주 ,2012-11-17,9788979149692
"IT CookBook, 쉽게 배우는 알고리즘(개정판)",문병로 ,2018-01-20,528 쪽,4375
"IT CookBook, 엑셀과 파워포인트 2010 실무와 활용","전미진 , 고경희 ",2014-02-24,648 쪽,4078
회사에서 바로 통하는 액세스 2007,김재훈 ,2008-01-28,600 쪽,1535
"IT CookBook, 컴퓨터 활용과 실습 : 컴퓨터 기초, 한글 2014, 엑셀 2013, 파워포인트 2013",김주영 ,2015-02-02,464 쪽,4149
"IT CookBook, 초보자의 첫 번째 엑셀 2010",양숙희 ,2013-03-12,152 쪽,4010
"IT CookBook, 초보자의 첫 번째 엑셀 2007",양숙희 ,2014-02-19,140 쪽,4000
PMP 바이블 : PMP 자격증 취득의 길로 안내하는 가장 확실한 지침서 (전2권 세트),"강정배 , 서정훈 , 이지현 , 박주진 ",2015-01-07,972 쪽,2160
엑셀 2007 바이블: 엑셀의 거의 모든 기능,최준선 ,2008-11-28,864 쪽,1604
"IT CookBook, 초보자의 첫 번째 파워포인트 2010",최희식 ,2013-07-28,176 쪽,4053
회사에서 바로 통하는 엑셀&파워포인트 2010,"이희정 , 전미진 ",2010-09-16,528 쪽,1763
테스트 주도 개발 : 고품질 쾌속개발을 위한 TDD 실천법과 도구,채수원 ,2010-06-08,584 쪽,1726
린 마인드셋 : 린 스타트업을 위한 경영 철학,"메리 포펜딕 , 톰 포펜딕 ",위선주 ,2014-04-02,9788968480928
HTML5 보일러플레이트 : 크로스 브라우징과 반응형 웹을 위한 어비의 노하우,송태민 ,2013-06-30,143 쪽,
모바일 보일러플레이트 : 모바일 웹 개발 실무를 위한 어비의 노하우,송태민 ,2013-10-20,118 쪽,
"IT CookBook, C로 배우는 쉬운 자료구조(개정3판)",이지영 ,2016-07-28,596 쪽,4269
회사에서 바로 통하는 엑셀+파워포인트+워드 2010,"전미진 , 이화진 , 신면철 ",2011-08-22,464 쪽,1853
회사에서 바로 통하는 엑셀 2007 개정판,전미진 ,2009-08-21,516 쪽,1677
"IT CookBook, 컴퓨터 활용 : 윈도우 7, 한글 2010, 엑셀 2010, 파워포인트 2010","김주영 , 정영준 ",2013-03-20,496 쪽,4015
엑셀 2010 바이블,최준선 ,2011-09-28,1064 쪽,1854
"IT CookBook, 엑셀 2010 실무와 활용",전미진 ,2014-02-24,428 쪽,4080
"IT CookBook, 초보자의 첫 번째 워드 2010",최희식 ,2014-02-19,160 쪽,4098
"IT CookBook, C C++로 배우는 자료구조론",주우석 ,2015-02-24,696 쪽,4178
회사에서 바로 통하는 엑셀+파워포인트+워드 2013(개정판),"전미진 , 이화진 , 신면철 ",2014-10-28,564 쪽,2136
"IT CookBook, 엑셀과 파워포인트 2013 개정판",강동진 외 4 ,2015-04-10,556 쪽,4177
회사에서 바로 통하는 엑셀&파워포인트 2013,"이희정 , 전미진 ",2014-11-25,452 쪽,2140
엑셀 2010 함수 바이블,이동숙 ,2011-02-28,648 쪽,1808
"IT CookBook, 자바로 배우는 쉬운 자료구조",이지영 ,2013-07-02,536 쪽,4042
알고리즘 문제 풀이 전략,"조중필 , 한현상 , 이주호 ",2016-06-01,724 쪽,2270
회사에서 바로 통하는 엑셀 2010 함수 이해&활용,최준선 ,2012-09-17,536 쪽,1963
"IT CookBook, 초보자의 첫 번째 파워포인트 2007",고경희 ,2009-11-05,172 쪽,1702
"IT CookBook, 초보자의 첫 번째 한글 2010",양숙희 ,2014-08-01,152 쪽,4112
"IT CookBook, 인터넷 윤리","최희식 , 김상균 ",2016-08-26,400 쪽,4250
"IT CookBook, 파워포인트 2013 for Beginner",최희식 ,2014-10-28,176 쪽,4128
"IT CookBook, 액세스 2007 for Beginner",박명철 ,2008-12-28,436 쪽,1609
"IT CookBook, 워드 2013 for Beginner",최희식 ,2014-10-28,160 쪽,4138
자바스크립트 자료구조와 알고리즘 : 구조적이고 효율적인 자바스크립트 프로그래밍 기법 익히기,마이클 맥밀런 ,우정은 ,2014-08-28,9788968481222
회사에서 바로 통하는 파워포인트 2007(개정판),이희정 ,2009-10-14,448 쪽,1690
"IT CookBook, 한글 2014 for Beginner",양숙희 ,2014-12-04,152 쪽,4141
"IT CookBook, 초보자의 첫 번째 워드 2007",최희식 ,2009-11-05,132 쪽,1699
"IT CookBook, C로 배우는 쉬운 자료구조(개정판)",이지영 ,2013-07-28,608 쪽,4038
"IT CookBook, 파워포인트 2013 : 기본 기능부터 프레젠테이션 스킬까지 한번에!","채종서 , 차유빈 ",2014-12-17,496 쪽,4137
회사에서 바로 통하는 액세스 2010,김재훈 ,2011-01-05,648 쪽,1784
"IT CookBook, 초보자의 첫 번째 액세스 2007",최희식 ,2009-11-05,132 쪽,1696
"IT CookBook, 엑셀 2007 실무와 활용",한은숙 ,2014-02-17,416 쪽,4091
공학과 경영,김상균 ,2016-07-07,404 쪽,4262
"IT CookBook, OpenGL로 배우는 3차원 컴퓨터 그래픽스",주우석 ,2013-08-18,908 쪽,4050
"IT CookBook , 엑셀과 파워포인트 2016",김지연 ,2017-12-27,512 쪽,4376
"IT CookBook, 쉽게 배우는 유전 알고리즘 : 진화적 접근법",문병로 ,2014-09-02,284 쪽,4135
"IT CookBook, 데이터베이스 기초와 실습 : 액세스 2010",김지연 ,2013-08-21,536 쪽,4036
회사에서 바로 통하는 엑셀 2016,한은숙 ,2017-07-05,556 쪽,2335
쇼핑몰 디자인&제작북 with 포토샵+플래시+드림위버,임화연 ,2011-03-21,548 쪽,1821
사전처럼 바로 찾아 쓰는 HTML5 핵심 API,하타노 후토미 ,윤준 ,2011-12-01,9788979148732
프로젝트로 배우는 HTML5+자바스크립트,지닌 마이어 ,김지원 ,2012-06-22,9788979149241
자바스크립트 성능 최적화: High Performance JavaScript,니콜라스 자카스 ,한선용 ,2011-09-15,9788979148558
쇼핑몰 창업+운영+제작 북(인터넷 쇼핑몰 대표 강사와 함께하는),"정희전 , 착한사진연구소(남상욱 ",2012-05-24,428 쪽,1917
위닝 프레젠테이션 : 프레젠테이션 전문 코치가 1:1로 가르쳐주는 30가지 비밀,채종서 ,2014-03-27,300 쪽,2089
Head First HTML and CSS(개정판) : HTML5를 적용한 웹 제작 지침서,"엘리자베스 롭슨 , 에릭 프리먼 ","홍형경 , 우재남 ",2013-04-11,9788968480126
"인사이드 자바스크립트 : 핵심 개념과 원리를 정확하게. jQuery, Node.js, 클로저의 개념까지","송형주 , 고현준 ",2014-01-02,284 쪽,2065
Head First HTML with CSS & XHTML : 웹2.0 시대의 웹 표준 학습법,"에릭 프리먼 , 엘리자베스 프리먼 ",홍형경 ,2006-05-28,8979144105
"IT CookBook, 컴퓨터 비전",오일석 ,2014-07-01,600 쪽,4121
10년차 디자이너에게 1:1로 배우는 포토샵 디자인 강의,정다영 ,2015-01-28,440 쪽,2166
함수형 자바스크립트 : 새롭고 올바른 자바스크립트 프로그래밍 기법,마이클 포거스 ,우정은 ,2014-01-28,9788968480799
한 번에 배우는 HTML5+자바스크립트,지닌 마이어 ,김지원 ,2011-05-22,9788979148268
엑셀 2016 바이블,최준선 ,2016-09-30,1092 쪽,2482
Head First Design Patterns: 스토리가 있는 패턴 학습법,"에릭 프리먼 , 엘리자베스 프리먼 , 케이시 시에라 , 버트 베이츠 ",서환수 ,2005-08-22,8979143400
엑셀 2016 매크로&VBA 바이블,최준선 ,2016-02-26,1364 쪽,2267
창의적 공학설계(개정판),김은경 ,2016-01-08,404 쪽,4238
엑셀 함수&수식 바이블: 회사에서 필요한 함수&수식은 모두 있다!,최준선 ,2015-04-28,760 쪽,2182
"IT CookBook, 디지털 영상처리 입문 : 오감을 자극하는 3차원 입체 학습","신종홍 , 장선봉 , 지인호 ",2015-02-16,600 쪽,4176
맛있는 디자인 포토샵 & 드림위버 CC,"임화연 , 이해령 ",2016-08-10,508 쪽,2496
쇼핑몰 디자인 제작 북,"임화연 , 이해령 ",2017-12-05,416 쪽,10031
엑셀 피벗&파워 쿼리 바이블,최준선 ,2017-11-05,628 쪽,10008
인포그래픽 프레젠테이션 : 보는 순간 착 달라붙는 인포그래픽 제작 비법 68,곽승원 ,2014-01-02,312 쪽,2075
Head First JavaScript Programming : 게임과 퍼즐로 배우는 자바스크립트 입문서,"에릭 프리먼 , 엘리자베스 롭슨 ",강권학 ,2015-01-27,9788968481567
slide:ology - 위대한 프레젠테이션을 만드는 예술과 과학,낸시 두아르떼(Nancy Duarte) ,서환수 ,2010-03-08,9788979147308
"자바스크립트 웹 애플리케이션 : 제이쿼리, Node.js, 웹소켓, 스파인, 백본, 자바스크립트MVC",알렉스 맥카우 ,우정은 ,2012-06-18,9788979149258
기계 학습,오일석 ,2017-12-05,664 쪽,4158
"데이터과학 입문: 구글, MS, 이베이 데이터과학자에게 배우다","레이철 슈트 , 캐시 오닐 ","윤영민 , 허선 , 전희주 , 김정일 , 류자현 ",2014-10-28,9788968481352
설계 프로세스로 배우는 창의적 공학설계,노승환 ,2014-06-27,336 쪽,4109
"하이브리드 앱을 구현하는 기술 : HTML5, 자바스크립트, 코도바(폰갭)로 만드는 안드로이드와 iOS 앱 개발","구보타 미츠노리 , 아시알 주식회사 ",김성재 ,2015-02-17,9788968481680
Head First Python : 머리에 쏙쏙 들어오는 파이썬 안내서(수정판),폴 베리 ,강권학 ,2016-03-28,9788968482724
Elemental Design Patterns : 객체지향과 디자인 패턴의 연결 고리,제이슨 맥컴 스미스 ,김지원 ,2013-05-02,9788968480140
"IT CookBook, 영상을 이용한 디지털 신호처리 : 실제적인 사례와 응용","엄민영 , 김성제 ",2014-01-28,288 쪽,4085
당신의 프레젠테이션이 항상 그 모양인 이유,전철웅 ,2011-05-28,192 쪽,1780
누구나 할 수 있는 인포그래픽 with 파워포인트,곽승원(꽉군) ,2015-11-27,312 쪽,2243
Head First Java: 뇌 회로를 자극하는 자바 학습법(개정판),"케이시 시에라 , 버트 베이츠 ",서환수 ,2005-11-16,8979143710
파워포인트 블루스,김용석 ,2009-05-21,256 쪽,1665
리눅스 시스템 프로그래밍(개정2판) : 커널과 C 라이브러리로 풀어가는(리눅스 3.x 최신 커널 기반),로버트 러브 ,김영근 ,2014-12-26,9788968481482
맛있는 디자인 포토샵 & 일러스트레이터 CC,"박정아 , 박효근 , 윤이사라(포완카) ",2016-05-16,556 쪽,2276
창의융합 프로젝트 아이디어북 : Creative Convergence Capstone Design with PBL,조준동 ,2015-06-10,256 쪽,4185
"IT CookBook, VHDL을 이용한 FPGA 디지털 설계 : 실습부터 응용까지",노승환 ,2014-01-28,464 쪽,4083
컨설턴트가 알려주는 보고서 작성의 기술 with 파워포인트,홍장표 ,2015-07-17,336 쪽,2192
실전으로 배우는 발명·특허,윤상원 ,2014-06-30,300 쪽,4116
"IT CookBook, 컴퓨터 구조와 원리 2.0 : 비주얼 컴퓨터 아키텍처",신종홍 ,2013-08-21,640 쪽,4031
자바 객체지향 디자인 패턴: UML과 GoF 디자인 패턴 핵심 10가지로 배우는,"정인상 , 채흥석 ",2014-04-28,504 쪽,2091
"IT CookBook, 디지털 시스템 설계 및 실습 with VHDL & Verilog HDL",노승환 ,2017-01-02,440 쪽,4299
"모던 웹을 위한 Node.js 프로그래밍(개정판) : 페이스북, 월마트, 링크드인이 선택한 자바스크립트 + 노드제이에스 서버 프로그래밍",윤인성 ,2013-09-03,484 쪽,2043
"창의와 혁신의 시크릿, 트리즈 : Training How To Think Inventively",김은경 ,2015-07-10,320 쪽,4190
만들면서 배우는 HTML5 게임 프로그래밍: PC와 스마트폰을 한 번에 잡는 멀티 플랫폼 게임 프로그래밍,황동윤 ,2013-06-22,716 쪽,2022
"IT EXPERT, 리눅스 커널 프로그래밍",한동훈 ,2007-01-02,1104 쪽,1460
Head First Servlets & JSP(개정판) : 상상력을 자극하는 몰입의 학습법,"케이시 시에라 , 버트 베이츠 , 브라얀 바샴 ",김종호 ,2009-02-02,9788979146639
이것이 자바다,신용권 ,2015-01-06,1224 쪽,2147
회사에서 바로 통하는 한글 NEO FOR STARTERS,신면철 ,2017-06-28,172 쪽,2809
"IT CookBook, VHDL을 이용한 디지털 회로 입문","나미키 히데아키 , 나가이 다카미치 ","김은성 , 이영희 ",2009-05-30,9788979146714
28일 동안 배우는 리눅스 서버 관리,카사노 히데마츠 ,김성재 ,2014-09-28,9788968481215
"리눅스 커널의 이해, 개정 3판","다니엘 보베이 , 마르코 체사티 ",박장수 ,2006-09-28,8979144326
"IT CookBook, 디지털 신호 처리 : 기본 이론부터 MATLAB 실습까지",이철희 ,2013-07-31,640 쪽,4030
"뇌를 자극하는 RedHat Fedora 리눅스 서버 & 네트워크, 3판",우재남 ,2014-09-02,792 쪽,2120
"IT CookBook, 디지털 공학 : 논리회로의 설계 원리","김대정 , 모현선 ",2013-12-02,596 쪽,4076
"MongoDB 몽고디비 완벽 가이드 : 페이스북, 트위터가 선택한 NoSQL의 진수를 만나다! (개정2판)",크리스티나 초도로우 ,"이승구 , 김인범 ",2014-04-24,9788968480959
"IT CookBook, 컴퓨터 아키텍처 : 컴퓨터 구조 및 동작 원리",우종정 ,2014-08-11,572 쪽,4132
이것이 리눅스다,우재남 ,2015-06-25,796 쪽,2196
맥 사용자를 위한 엑셀+파워포인트+워드 2016 : Office for Mac,장경호 ,2016-02-26,438 쪽,2259
만들면서 배우는 안드로이드 게임 프로그래밍(개정판),황동윤 ,2013-06-20,416 쪽,2024
UNIX V6로 배우는 커널의 원리와 구조 : 고전으로 익히는 운영체제,아오야기 타카히로 ,조만석 ,2014-05-28,9788968480966
회사에서 바로 통하는 파워포인트 2016 FOR STARTERS,이화진 ,2017-04-14,208 쪽,2346
회사에서 바로 통하는 엑셀&파워포인트 2016,"전미진 , 이화진 ",2017-07-07,468 쪽,2333
뇌를 자극하는 Java 프로그래밍,김윤명 ,2006-09-04,908 쪽,1397
회사에서 바로 통하는 엑셀+파워포인트 2016&한글 NEO&윈도우 10,"전미진 , 이화진 , 신면철 , 박광수(아크몬드) ",2018-01-02,698 쪽,10025
뇌를 자극하는 JSP & Servlet,김윤명 ,2010-12-15,836 쪽,1750
"IT CookBook, 처음 만나는 디지털 논리회로","임석구 , 홍경호 ",2016-07-25,448 쪽,4263
회사에서 바로 통하는 엑셀 2016 FOR STARTERS,전미진 ,2017-03-15,260 쪽,2345
"IT CookBook, 알기 쉬운 최신 VLSI 설계: CMOS부터 SoC까지",조준동 ,2015-09-17,396 쪽,4197
회사에서 바로 통하는 엑셀+파워포인트 2016&한글 NEO,"전미진 , 이화진 , 신면철 ",2017-07-12,584 쪽,2336
맵리듀스 디자인 패턴 : 하둡과 빅데이터에 효과적인 6가지 방법론과 26가지 실용 패턴,"도널드 마이너 , 아담 슈크 ","이주열 , 오석근 ",2013-07-24,9788968480348
"IT CookBook, 핵심이 보이는 신호 및 시스템 : 기본 이론부터 MATLAB 실습까지",이철희 ,2015-01-09,628 쪽,4146
"IT CookBook, 쉽게 배우는 자바 프로그래밍",우종정 ,2017-08-02,692 쪽,4329
"IT CookBook, 임베디드 리눅스 기초와 응용","우종정 , 사공준 ",2017-01-24,488 쪽,4313
HBase 완벽 가이드: 하둡 환경에서 실시간 빅데이터 랜덤 엑세스를 제공하는 클라우드 NoSQL,라스 조지 ,이진석 ,2013-01-26,9788979148381
맥 쓰는 사람들과 함께하는 Mac OS X 바이블,고래돌이(김상우) ,2015-01-27,600 쪽,2162
머하웃 완벽 가이드(Mahout in Action): 하둡에 딱 맞는 빅데이터를 활용한 기계학습,"션 오웬 , 로빈 애닐 , 테드더닝 , 엘렌 프리드만 ",안태성 ,2012-10-23,9788979149609
"IT CookBook, 기초전자실험(개정판) : with PSpice",홍순관 ,2016-06-10,296 쪽,4258
회사에서 바로 통하는 엑셀 실무 강의,전미진 ,2016-09-08,460 쪽,2491
"IT CookBook, 유닉스 시스템 프로그래밍",이종원 ,2010-01-12,520 쪽,1715
도와주세요! 맥북이 생겼어요 : Mac OS X Yosemite 요세미티,김경범 ,2014-11-28,228 쪽,2133
키노트 6.x 프레젠테이션 : 키노트 사용자를 위한 기본+활용법,윤춘근 ,2014-06-20,456 쪽,2112
실시간 분석의 모든 것: 스트리밍 데이터 분석 및 시각화 시스템 구축 가이드,바이런 엘리스 ,이상훈 ,2015-12-11,9788968482298
회사에서 바로 통하는 엑셀 데이터 활용+분석,"김경자 , 송선영 ",2016-06-30,432 쪽,2282
"IT CookBook, JUST JAVA : 객체지향에 충실한 자바다운 자바",황희정 ,2015-10-26,512 쪽,4201
"IT CookBook, C 언어로 배우는 8051 마이크로프로세서",임석구 ,2014-07-28,596 쪽,4127
실전 하둡 운용 가이드 : 대규모 하둡 클러스터 관리를 위한 필수 노하우,에릭 새머 ,장형석 ,2013-07-24,9788968480300
맥 쓰는 사람들과 함께하는 macOS 하이 시에라,고래돌이 ,2017-11-10,504 쪽,10023
"IT CookBook, GOOD JAVA : 프로그래밍을 시작하는 사람들을 위한",우재남 ,2016-02-16,600 쪽,4244
"IT CookBook, 처음 만나는 회로이론",방성완 ,2016-01-12,384 쪽,4235
"IT CookBook, CMOS 디지털 집적회로 설계 : 기본 이론부터 실습까지",신경욱 ,2014-05-30,464 쪽,4110
"IT CookBook, 기초 회로이론(개정판) : 선형회로해석의 기본 원리",최윤식 ,2014-07-22,480 쪽,4129
맥 쓰는 사람들과 함께하는 macOS 시에라,고래돌이 ,2017-02-15,578 쪽,2458
"IT CookBook, 유닉스 시스템 프로그래밍",이종원 ,2017-07-17,520 쪽,4332
"IT CookBook, 유닉스 이론과 실습(개정판)","윤소정 , 이종원 ",2013-07-28,548 쪽,4051
"IT CookBook, 회로이론 : Circuits","Fawwaz T. Ulaby , Michel M. Maharbiz ","박병국 , 조성재 , 강인만 , 김중빈 ",2014-07-22,9791156641193
회사에서 바로 통하는 엑셀 함수 실무 강의,"김경자 , 송선영 ",2017-05-31,468 쪽,2805
easy LED : 초보자를 위한 LED 가이드북,홍순관 ,2017-01-02,204 쪽,4300
"IT CookBook, 기초 신호 및 시스템",이철희 ,2016-07-18,492 쪽,4265
"IT CookBook, 자바 프로그래밍 기초 : 원리부터 응용까지",고응남 ,2008-12-15,592 쪽,1652
만들면서 배우는 기계 학습: 생각을 만드는 빅데이터 기술,오다카 토모히로 ,김성재 ,2012-06-18,9788979149234
"IT CookBook, 프로젝트로 배우는 자바 웹 프로그래밍",황희정 ,2014-01-09,692 쪽,4068
사전처럼 바로 찾아 쓰는 자바7 : 기본부터 심화까지 해결하는 문제 해결의 길잡이,조시 주노 외 3인 ,백기선 외 8인 ,2013-10-28,9788968480546
"IT CookBook, 기초 회로이론(개정 2판)",최윤식 ,2017-12-28,484 쪽,4371
"IT CookBook, 페도라 리눅스(개정판)",이종원 ,2017-11-10,856 쪽,4159
"IT CookBook, 전자회로 : 핵심 개념부터 응용까지","강문식 , 신경욱 ",2013-07-25,860 쪽,4048
"IT CookBook, 우분투 리눅스 : 시스템 & 네트워크",이종원 ,2014-07-03,772 쪽,4120
"IT CookBook, 마이크로컨트롤러 AVR ATmega128 : 상태도를 이용한 시스템 설계",이상설 ,2013-07-02,604 쪽,4037
"IT CookBook, 핵심이 보이는 전자회로",신경욱 ,2014-07-22,608 쪽,4130
제대로 배우는 MATLAB,방성완 ,2014-10-10,424 쪽,4134
"IT CookBook, 자바 프로그래밍 바이블","오경주 , 염기호 , 정용훈 ",2016-08-12,948 쪽,4273
키노트 프레젠테이션(키노트 사용자를 위한 기본+활용법),윤춘근 ,2011-11-21,376 쪽,1878
"IT CookBook, 핵심이 보이는 전자회로 실험 with PSPICE",신경욱 ,2017-11-30,464 쪽,4365
"IT CookBook, MATLAB으로 배우는 공학 수치해석",방성완 ,2014-01-24,352 쪽,4084
"IT CookBook, New 정보통신개론 : 기본 이론부터 사물인터넷 개념까지",고응남 ,2015-07-03,560 쪽,4195
"IT CookBook, ASP.NET 4.0 프로그래밍",김동아 ,2014-02-19,684 쪽,4102
"IT CookBook, 통신시스템의 기초 : Fundamentals of Communications Systems",마이클 피츠 ,"고균병 , 이종형 , 장은영 , 홍대기 ",2009-03-09,9788979146554
"IT CookBook, 아날로그 CMOS 집적회로 설계 : Design of Analog CMOS Integrated Circuits",버자드 라자비(Behzad Razavi) ,"김대정 , 이강윤 , 이종창 ",2009-05-15,9788979146721
"IT CookBook, 원리로 이해하는 통신이론 : Analog & Digital Communications",한동석 ,2015-01-01,352 쪽,4144
"IT CookBook, 기초전자실험 : with PSpice",홍순관 ,2013-03-19,240 쪽,4012
"IT CookBook, 페도라 리눅스 : 시스템 & 네트워크",이종원 ,2014-01-02,768 쪽,4065
"IT CookBook, 광통신 공학 : MATLAB과 함께하는 광통신 시스템",이종형 ,2015-02-24,480 쪽,4175
MATLAB으로 배우는 공학수학 : Engineering Mathematics,소상균 ,2014-01-28,736 쪽,4087
"IT CookBook, New 데이터통신과 네트워킹 : 차세대 통신을 위한 밑그림",강문식 ,2014-11-27,520 쪽,4142
"IT CookBook, 디지털 집적회로 해석 및 설계","데이비드 하지즈 , 호레스 잭슨 , 레스베 살레 ",김대정 ,2010-08-20,9788979147513
케스케이딩 완벽 가이드 : 빅데이터 분석을 위한 하둡 워크플로우 관리 도구,파코 네이선 ,"오세봉 , 장정호 ",2014-01-17,9788968480775
MATLAB으로 배우는 선형대수학 : Linear Algebra with MATLAB,"이광연 , 설한국 ",2015-06-10,540 쪽,4184
하둡 완벽 가이드 : 클라우드 컴퓨팅 구축을 위한 실전 안내서(개정3판),톰 화이트 ,"심탁길 , 김우현 ",2013-06-22,9788968480201
"IT CookBook, 디지털 통신 시스템 : Digital Communication Systems","정호영 , 임승각 ",2011-01-31,576 쪽,1798
"IT CookBook, 쉽게 배우는 데이터 통신과 컴퓨터 네트워크",박기현 ,2013-09-15,516 쪽,4061
자바7 NIO.2: 파일&네트워크 프로그래밍,앵겔 레너드 ,조태현 ,2012-06-28,9788979149319
"IT CookBook, 네트워크 개론(개정판) : 쉽게 배우는 네트워크의 기본 원리",진혜진 ,2014-01-07,400 쪽,4073
"IT EXPERT, ASP.NET 2.0 웹 프로젝트와 실전 프로그래밍",조성진 ,2006-07-03,1196 쪽,1418
"IT CookBook, 단계별로 배우는 전자회로 실험 : 기본 소자부터 응용 회로까지",이강윤 ,2014-06-05,456 쪽,4111
뇌를 자극하는 ASP.NET 2.0 프로그래밍,이시환 ,2006-07-06,904 쪽,1408
"IT CookBook, 단계별로 따라하며 배우는 디지털 공학 실험","이승호 , 민경옥 ",2013-08-21,372 쪽,4049
하이브 완벽 가이드: 하둡을 이용한 SQL 기반 빅데이터 분석 도구,"에드워드 카프리올로 , 딘 웜플러 , 제이슨 러더글렌 ",오세봉 외 ,2013-03-28,9788968480072
최신 공학수학 with Sage Ⅱ,"이상구 , 김영록 , 박준현 , 김응기 , 이재화 ",2016-01-12,444 쪽,4210
"IT CookBook, 디지털 논리회로 실험 : 120개의 기본 실험과 12개의 텀 프로젝트","임석구 , 홍경호 ",2014-01-08,440 쪽,4075
수식이 보이는 공학수학 : Engineering Mathematics,장윤석 ,2013-03-07,492 쪽,4006
MongoDB 활용 가이드: 스케일링과 50가지 팁,크리스티나 초도로우 ,이진석 ,2011-12-09,9788979148862
최신 공학수학 with Sage Ⅰ,"이상구 , 김영록 , 박준현 , 김응기 , 이재화 ",2016-01-12,500 쪽,4209
하둡 완벽 가이드(4판),톰 화이트 ,"장형석 , 장정호 , 임상배 , 김훈동 ",2017-03-01,9788968484599
"IT CookBook, 쉽게 배우는 데이터 통신과 컴퓨터 네트워크 (개정판)",박기현 ,2016-12-26,584 쪽,4304
"IT CookBook, 디지털 논리회로(개정3판) : 이론, 실습, 시뮬레이션","임석구 , 홍경호 ",2015-07-07,786 쪽,4188
기초 선형대수학 : BASIC LINEAR ALGEBRA,"이광연 , 설한국 , 김진수 ",2013-11-02,456 쪽,4064
easy LTE : 초보 기술자를 위한 이동통신 가이드북,이상근 ,2015-07-10,232 쪽,4183
"IT CookBook, 확률과 랜덤 과정",정호영 ,2018-01-15,340 쪽,4379
"IT CookBook, 디지털 실험 : with PSpice",홍순관 ,2013-12-31,292 쪽,4077
"IT CookBook, 공업수학 : 기본 개념부터 응용까지",이준탁 ,2015-02-16,560 쪽,4174
팟캐스트 나는 프로그래머다 2탄,"임백준 , 정도현 , 김호광 ",2016-06-23,436 쪽,2290
"IT CookBook, 기초 전기전자 에센스","모현선 , 장성용 , 홍익표 ",2016-12-31,528 쪽,4297
안드로이드의 모든 것 NDK: C/C++을 이용한 안드로이드 앱 개발 방법,"고현철 , 전호철 ",2012-09-17,496 쪽,1959
헬로 데이터 과학 : 삶과 업무를 바꾸는 생활 데이터 활용법,김진영 ,2016-02-23,352 쪽,2265
"IT CookBook, New 인터넷 이해와 활용",김경신 ,2014-01-09,464 쪽,4070
웹 엔지니어가 알아야 할 인프라의 기본,바바 토시아키 ,김병국 ,2015-06-28,9788968482014
"IT CookBook, 자바스크립트 프로그래밍 입문",윤인성 ,2016-12-15,424 쪽,4278
"IT CookBook, HTML5 웹 프로그래밍 입문(개정판)",윤인성 ,2016-12-26,480 쪽,4307
전공이 보이는 미분적분학: FOR ELECTRICAL & ELECTRONIC ENGINEERS,장윤석 ,2015-05-30,312 쪽,4182
"IT CookBook, 디지털 논리회로(개정판) : 이론, 실습, 시뮬레이션","임석구 , 홍경호 ",2013-03-20,724 쪽,4014
행복한 프로그래밍(개정판),임백준 ,2016-11-18,300 쪽,2470
Hello Coding 파이썬,윤인성 ,2018-01-02,443 쪽,10027
기초 확률과 통계 : BASIC PROBABILITY & STATISTICS,박대수 ,2013-08-21,384 쪽,4054
"IT CookBook, 전기전자공학 개론(개정 5판)",Stan Gibilisco ,"권기영 , 윤석범 , 정영배 ",2013-02-11,9788998756017
맛있는 디자인 프리미어 프로 CS6 & CC,"윤성우 , 김덕영 ",2015-09-11,448 쪽,2209
MongoDB 완벽 가이드 : NoSQL의 진수를 만나다!,"크리스티나 초도로우 , 마이클 디롤프 ",윤진석 ,2011-05-19,9788979148251
초보자를 위한 안드로이드 스튜디오 : Hello World부터 채팅 앱과 벽돌깨기 게임까지,마츠오카 겐지 ,김성재 ,2016-01-22,9788968482564
"IT CookBook, 최신 이동통신 입문 : Mobile Communications",Jochen H. Schiller ,"곽경섭 , 고영채 ",2016-01-04,9791156642084
클라우드 시스템을 관리하는 기술,"토머스 리몬첼리 , 스트래터 체일럽 , 크리스티나 호건 ",류광 ,2016-02-25,9788968482618
"IT CookBook, 웹 기획 기초와 설계(개정판) : 웹 사이트, 인터페이스, 디자인",강은정 ,2013-09-15,432 쪽,4060
파이썬을 활용한 베이지안 통계: 동전 던지기와 하키 승률로 배우는 데이터 분석,앨런 B. 다우니 ,권정민 ,2014-07-14,9788968481147
안드로이드의 모든 것 분석과 포팅,"고현철 , 유형목 ",2011-06-14,792 쪽,1770
기초 미분적분학 : Pre Calculus,함남우 ,2014-01-28,392 쪽,4081
맛있는 디자인 인디자인 CC,황지완 ,2016-02-19,496 쪽,2242
"IT CookBook, 초보자의 첫 번째 컴퓨터와 인터넷 활용",최희식 ,2009-11-05,132 쪽,1700
"IT CookBook, 인터넷 이해와 활용 : 인터넷 기초부터 홈페이지 제작까지(개정2판)","안치현 , 김형철 ",2014-03-12,460 쪽,4105
미적분학,"Carol Ash , Robert B. Ash ","김광수 , 최형규 ",2016-01-21,9791156642343
"이것이 레디스다 : 초고속 읽기 쓰기를 제공하는 인메모리 기반 NoSQL, Redis",정경석 ,2013-11-28,480 쪽,2059
"IT CookBook, 전기전자공학 개론(개정 6판)","Stan Gibilisco , Simon Monk ","권기영 , 조성재 , 유태훈 ",2017-11-30,9791156643661
"IT CookBook, 원리로 이해하는 마이크로파 공학",홍익표 ,2015-07-10,432 쪽,4189
이공계생을 위한 확률과 통계 : Forward-Looking Probability and Statistics,안승철 ,2014-07-10,408 쪽,4122
이것이 안드로이드다,박성근 ,2014-08-25,1164 쪽,2117
"Head First Python, 개정판",폴 배리 ,우정은 ,2017-12-04,9791162240281
Head First Statistics: 실생활 예제로 배우는 정말 쉬운 통계 이야기,돈 그리피스 ,임백준 ,2012-04-26,9788979147278
정유진의 웹 2.0 기획론: 강력한 웹 2.0 서비스를 만드는 13개의 키워드,정유진 ,2006-12-15,392 쪽,1455
Think Stats : 프로그래머를 위한 통계 및 데이터 분석 방법,앨런 B. 다우니 ,김석우 ,2013-09-03,9788968486340
Hello Coding 프로그래밍,Pope Kim ,2018-01-02,352 쪽,10034
공학 핵심수학 : Core Mathematics for Engineering,함남우 ,2015-01-01,372 쪽,4143
공학 기초수학 : Basic Mathematics for Engineering,함남우 ,2014-07-07,412 쪽,4117
Hello Coding 그림으로 개념을 이해하는 알고리즘,아디트야 바르가바 ,김도형 ,2017-04-01,9788968483547
"IT CookBook, 웹 디자인 이론과 실습",강은정 ,2017-06-05,400 쪽,4325
자바 네트워크 소녀 네티,정경석 ,2015-10-22,348 쪽,2224
기초수학 : Basic Mathematics,"이재원 , 박성욱 ",2014-03-21,408 쪽,4108
대학수학 Plus : University Mathematics,이재원 ,2013-10-14,528 쪽,4063
"IT CookBook, RF 및 초고주파 공학",카이 창(Kai Chang) ,홍익표 ,2014-03-12,9791156641063
"임베디드 안드로이드 : 안드로이드 포팅, 확장, 커스터마이징하기",카림 야크무르 ,이성주 ,2015-03-09,9788968481772
맛있는 디자인 일러스트레이터 CC 2017,박정아 ,2017-10-10,572 쪽,10006
나의 첫 파이썬,에릭 마테스 ,한선용 ,2017-05-01,9788968483561
"자바 8 인 액션 : 람다, 스트림, 함수형 프로그래밍으로 새로워진 자바 마스터하기","라울-게이브리얼 우르마 , 마리오 푸스코 , 앨런 마이크로프트 ",우정은 ,2015-03-19,9788968481796
"(10대를 위한 프로그래밍 노트, 수프) 코딩 클럽 LV2. 본격 파이썬 입문",크리스 로피 ,"이지호 , 유형목 ",2015-08-26,9788968482175
기초 미분적분학(개정판) : Pre Calculus,함남우 ,2017-07-07,392 쪽,4321
"(10대를 위한 프로그래밍 노트, 수프) 프로그래밍 비타민 : 컴퓨팅 사고력을 키우는 22가지 이야기",김종훈 ,2015-07-28,248 쪽,2210
스크럼 성공전략 : 성공하는 애자일을 위한 30가지 지름길,일란 골드스타인(Ilan Goldstein) ,박남혜 ,2014-09-02,9788968481239
Designing Web Navigation : 사용자 경험 최적화를 위한 웹 내비게이션 설계 원칙,제임스 콜백 ,김소영 ,2008-03-01,9788979145588
"(10대를 위한 프로그래밍 노트, 수프) 코딩 클럽 LV3. 제대로 된 파이썬 앱 만들기",크리스 로피 ,"이지호 , 유형목 ",2015-11-06,9788968482335
"(꼬마해커의 작업실, 수프) 스크래치 알고리즘 : 초등학생도 볼 수 있는 가장 쉬운 알고리즘",김종훈 ,2014-11-12,276 쪽,2139
Head First C : 내공 있는 C 프로그래머로 이끌어주는 착한 안내서,"데이빗 그리피스 , 돈 그리피스 ",강권학 ,2012-11-08,9788979149760
안드로이드 멀티스레딩: 비동기 메커니즘으로 날렵하고 안정적인 앱 만들기,안데르스 예란손 ,한대희 ,2015-02-27,9788968481703
"(꼬마해커의 작업실, 수프) 스크래치 : 창의력과 문제해결능력 향상을 위한 첫걸음","김종훈 , 양영훈 ",2014-03-20,236 쪽,2082
자바스크립트를 말하다 : 가장 간결하면서도 완벽한 자바스크립트 입문서,악셀 라우슈마이어 ,한선용 ,2014-09-12,9788968481192
안드로이드 시큐리티 인터널,니콜라이 옐렌코프 ,강권학 ,2015-06-27,9788968481970
확률과 통계 입문 : Basic Probability & Statistics,이재원 ,2017-07-10,352 쪽,4322
생생한 사례로 배우는 확률과 통계,이재원 ,2016-07-15,476 쪽,4261
"한 권으로 끝내는 Node & Express(Node 4, Express 4 테스트 완료)",이선 브라운 ,한선용 ,2015-10-24,9788968482229
애자일 개발과 스크럼 : 더 나은 자신과 팀을 위한 소프트웨어 개발 방법,"노나카 이쿠지로 , 히라나베 겐지 ",이명교 ,2014-07-28,9788968481109
이것이 우분투 리눅스다,우재남 ,2017-02-01,820 쪽,2461
9가지 사례로 익히는 고급 스파크 분석,"샌디 라이자 , 유리 레이저슨 , 션 오언 , 조시 윌스 ","서양주 , 권한철 , 박상은 ",2016-07-01,9788968482892
이것이 C 언어다,서현우 ,2014-05-20,708 쪽,2102
Head First Programming : 파이썬으로 처음 배우는 프로그래밍,"폴 배리 , 데이빗 그리피스 ",강권학 ,2011-03-17,9788979148190
이자론 중심으로 배우는 금융수학 : 보험계리사 시험 대비,이재원 ,2014-10-10,400 쪽,4131
파이썬을 활용한 금융 분석,이브 힐피시 ,김도형 ,2016-05-18,9788968482779
"IT CookBook,  파이썬 for Beginner",우재남 ,2017-11-30,504 쪽,4359
성능을 100% 끌어내는 멀티코어 애플리케이션 프로그래밍,대릴 고브 ,권오인 ,2012-06-28,9788979149289
뇌를 자극하는 C 프로그래밍,서현우 ,2005-10-01,684 쪽,1344
이것이 우분투 리눅스다,우재남 ,2017-02-01,820 쪽,2461
"IT CookBook, 비주얼 베이직 for Beginner",임관철 ,2014-09-01,448 쪽,4136
"IT CookBook, C언어 for Beginner(개정판)",우재남 ,2014-08-08,493 쪽,4133
이것이 Windows Server다,우재남 ,2017-07-01,924 쪽,2861
"IT EXPERT, 64비트 멀티코어 OS 원리와 구조 1권: OS 개발 60일 프로젝트",한승훈 ,2011-07-23,1472 쪽,1836
"IT CookBook, 비주얼 베이직 2010 for Beginner",임관철 ,2015-02-26,432 쪽,4172
"IT CookBook, 비주얼 베이직 2015 for Beginner",임관철 ,2016-12-30,432 쪽,4306
뇌를 자극하는 Windows Server 2012 R2,우재남 ,2016-02-05,880 쪽,2236
"IT CookBook, Compact C 프로그래밍",김충석 ,2014-12-15,536 쪽,4148
"IT CookBook, 비주얼 베이직 프로그래밍 : 윈도우 프로그래밍의 첫 걸음",고응남 ,2007-10-26,644 쪽,1500
"IT EXPERT, 64비트 멀티코어 OS 원리와 구조 2권: OS 개발 60일 프로젝트",한승훈 ,2011-07-23,1508 쪽,1837
"IT CookBook, C 프로그래밍","강동진, 하숙정, 임수연, 송무희, 박보석 ",2013-03-20,652 쪽,4016
